eventdate,ear,load,ena,termica
2013-01-05,57399.71428571428,37879.24268452,31497.714285714286,6400.85298207
2013-01-12,61979.42857142857,35592.349898807144,50248.857142857145,6273.652398725714
2013-01-19,68102.57142857143,36374.54650594857,62022.857142857145,6199.619898725715
2013-01-26,73282.42857142857,36722.31373809286,61366.42857142857,6582.911416582858
2013-02-02,79400.71428571429,37046.162559521435,64274.0,6423.52797611
2013-02-09,85510.85714285714,36706.41072023571,65441.142857142855,6051.277148722857
2013-02-16,88898.57142857143,40429.48291071,55161.57142857143,6188.537791588572
2013-02-23,90990.85714285714,39367.17513094856,44741.42857142857,5726.699952301428
2013-03-02,93390.28571428571,39533.98769047429,44113.142857142855,5571.795845167143
2013-03-09,95445.14285714286,39930.30973214,46404.42857142857,5648.121934447142
2013-03-16,98905.71428571429,37302.163535709995,53000.0,5618.7594285000005
2013-03-23,104263.14285714286,36254.884904758575,57633.0,5282.586868971429
2013-03-30,109831.14285714286,36740.30370237714,56763.28571428572,5564.22048802
2013-04-06,115020.42857142857,37004.943511902864,57529.71428571428,5503.175118964285
2013-04-13,120739.85714285714,35543.32563095,60060.57142857143,5236.627476111428
2013-04-20,124027.42857142857,34769.134065472856,47035.42857142857,5630.396505884286
2013-04-27,125519.71428571429,34938.87139880714,35684.857142857145,6254.821160631429
2013-05-04,125821.85714285714,35081.41322023714,31261.285714285714,6672.056851109999
2013-05-11,125294.85714285714,35507.27679761571,29560.85714285714,6790.309654674287
2013-05-18,124634.0,34812.270297615716,28570.714285714286,6572.321964204287
2013-05-25,124973.0,33830.19364242286,30565.85714285714,6195.840487595714
2013-06-01,127256.14285714286,34190.519458329996,43256.0,5738.195708261429
2013-06-08,128241.85714285714,34817.30856547428,35717.142857142855,5975.897851114286
2013-06-15,127749.0,35243.56698214,32073.85714285714,5872.167577314286
2013-06-22,127713.14285714286,35333.81913690143,31124.0,5552.818839214285
2013-06-29,127832.57142857143,34676.984178567145,33104.57142857143,5434.198880877142
2013-07-06,127373.14285714286,33465.65114880715,31375.571428571428,4630.816327324285
2013-07-13,125808.14285714286,34938.47358928429,25792.714285714286,4954.8618035128575
2013-07-20,123804.42857142857,34702.373440474286,24875.428571428572,5056.439690422857
2013-07-27,122322.0,34269.68177975857,25682.428571428572,5171.5756487571425
2013-08-03,120404.57142857143,35795.30754761571,22627.85714285714,5426.131416605714
2013-08-10,118057.0,35339.26240475858,19753.0,5457.897940421428
2013-08-17,115522.14285714286,35454.46095237714,18596.428571428572,5694.724285644285
2013-08-24,112422.0,35303.56242261572,17385.85714285714,5216.571172558572
2013-08-31,109293.85714285714,35632.57039285143,16868.428571428572,4639.257535662858
2013-09-07,106203.42857142857,35726.44673809143,16920.14285714286,5201.089178514287
2013-09-14,102569.14285714286,37262.29844642428,16264.857142857143,4566.245232079999
2013-09-21,99773.42857142857,36704.15538094858,18987.14285714286,5285.783952318571
2013-09-28,97474.0,36796.32603827857,21707.714285714286,5008.51651441
2013-10-05,96951.14285714286,35116.15321428286,29380.0,4689.345892801429
2013-10-12,95470.42857142857,36210.46790475714,23957.85714285714,4797.426357072857
2013-10-19,93664.14285714286,37290.01702380572,24155.85714285714,4909.00312620857
2013-10-26,91273.85714285714,36589.296369044285,21565.85714285714,4755.648868977143
2013-11-02,88991.85714285714,35684.554357140005,20480.428571428572,4746.794178502857
2013-11-09,87207.28571428571,37048.46821428286,23471.0,5194.172202312858
2013-11-16,84937.85714285714,37255.01273809143,22348.285714285714,5255.470357067142
2013-11-23,83435.85714285714,36764.69567261572,27805.285714285714,5268.719601112857
2013-11-30,83919.42857142857,38217.72796011715,36437.57142857143,4969.704983854285
2013-12-07,83872.0,37620.226017854286,38520.42857142857,4592.998279691429
2013-12-14,84292.28571428571,36361.106202377145,41817.28571428572,4537.288345171428
2013-12-21,85336.14285714286,33287.766553568574,42387.57142857143,3771.6902916228573
2013-12-28,86278.71428571429,35004.57860118572,38861.57142857143,3331.95380948
2014-01-04,85639.85714285714,39765.15537499714,32228.714285714286,3433.462529717143
2014-01-11,83802.85714285714,40253.84504166428,27055.85714285714,4347.452785655714
2014-01-18,83205.57142857143,39671.35354761571,28077.428571428572,4330.803934467143
2014-01-25,81925.57142857143,41512.93376190143,26886.571428571428,4546.982339218571
2014-02-01,78564.28571428571,42944.60105116428,20474.571428571428,5893.051628482857
2014-02-08,73917.14285714286,42707.66512499714,15898.714285714286,6227.860934454286
2014-02-15,71052.28571428571,39301.099363161426,22135.428571428572,6800.5526607157135
2014-02-22,70402.57142857143,40801.502635239995,28601.14285714286,6990.653867319999
2014-03-01,69744.71428571429,37373.16275595,29754.571428571428,6897.707577307143
2014-03-08,71349.42857142857,39674.1079750057,37090.28571428572,6763.318343977144
2014-03-15,71418.71428571429,41704.150821161435,32746.285714285714,6872.861565131428
2014-03-22,72020.42857142857,38549.75727380714,34514.57142857143,6852.8804939685715
2014-03-29,73077.57142857143,39266.33068452,33215.0,6644.323898711429
2014-04-05,73750.0,39004.657226188574,32042.714285714286,6727.670737997142
2014-04-12,74167.71428571429,36811.01570237857,32066.85714285714,6866.953142769999
2014-04-19,75617.28571428571,35715.69116666285,34299.71428571428,6892.58854753
2014-04-26,76338.0,34036.16473214,29438.571428571428,6692.746577295714
2014-05-03,76159.57142857143,36418.90725015714,23293.714285714286,7173.132164832858
2014-05-10,75228.85714285714,35052.436804662866,19991.14285714286,7392.55855249
2014-05-17,76579.85714285714,35912.70151278571,18711.571428571428,7390.507509225713
2014-05-24,75857.28571428571,34815.728292857144,24435.85714285714,7144.947760302858
2014-05-31,75900.42857142857,34569.41032020286,22942.571428571428,6871.261773622858
2014-06-07,75644.14285714286,35122.34935876143,28110.0,7078.045078027143
2014-06-14,75292.57142857143,33651.23613447143,22638.14285714286,6807.222657532859
2014-06-21,74733.42857142857,33891.83866963857,20070.571428571428,6905.226321350002
2014-06-28,73882.28571428571,34209.47083928143,18512.714285714286,6797.3151010957135
2014-07-05,72731.14285714286,34109.37522023428,16756.428571428572,6939.038523717143
2014-07-12,71661.57142857143,33976.61045237857,16522.14285714286,7067.17319038143
2014-07-19,70461.71428571429,34033.04672618571,17064.714285714286,7095.6078570485715
2014-07-26,69921.0,33640.24865475857,20192.428571428572,7291.910589181427
2014-08-02,69113.42857142857,34439.50596428429,17740.571428571428,7523.091452248571
2014-08-09,67491.57142857143,34474.688059521424,14944.714285714286,7905.815011792858
2014-08-16,65559.0,34699.08599090001,13889.285714285714,7611.744401511429
2014-08-23,63262.42857142857,35378.362835641434,12813.0,7533.597490284286
2014-08-30,60746.142857142855,35260.344976187145,12889.142857142857,7263.741714194286
2014-09-06,58500.28571428572,35559.17501785285,13524.42857142857,7089.226535615715
2014-09-13,55760.0,36445.48223809285,11747.857142857143,6948.861964181429
2014-09-20,52989.857142857145,36075.04829166286,13933.714285714286,6955.031112985714
2014-09-27,51132.0,36680.327749997145,21927.0,6813.582297512857
2014-10-04,49284.857142857145,35311.346702377145,17213.571428571428,7069.10748799
2014-10-11,46147.42857142857,39048.89430952,11260.57142857143,7084.571601085714
2014-10-18,42588.0,37274.07543089857,10120.42857142857,7095.059916031429
2014-10-25,39429.857142857145,36260.673678567146,11604.714285714286,7017.106357030001
2014-11-01,36681.0,37881.07471428286,13563.857142857143,6786.204362978571
2014-11-08,34305.857142857145,36784.11432142714,17298.428571428572,6953.338696320001
2014-11-15,33075.42857142857,34521.033315472865,17964.0,7078.539910608571
2014-11-22,31239.0,37181.24523809143,19404.571428571428,7360.45105347
2014-11-29,32375.571428571428,36614.822833331425,30666.571428571428,7399.956214177143
2014-12-06,32963.42857142857,36905.94781547286,30489.714285714286,7346.031666555716
2014-12-13,34226.142857142855,36384.81166071,33909.57142857143,7551.056964175715
2014-12-20,36516.42857142857,34052.40448637715,38113.142857142855,7300.635462475714
2014-12-27,39202.28571428572,34973.33495832999,35461.28571428572,7296.830345138572
2015-01-03,39860.857142857145,39016.76850594999,27494.428571428572,7113.338386819999
2015-01-10,38790.71428571428,42603.02864285429,22023.714285714286,6561.999767771427
2015-01-17,36365.28571428572,42644.26441071,16996.428571428572,6641.649309441428
2015-01-24,34954.28571428572,40352.742797617146,18432.85714285714,6806.840720142857
2015-01-31,34347.42857142857,39508.131064937144,22858.0,6946.451476107143
2015-02-07,35575.142857142855,39290.81472623857,33852.42857142857,6857.233450377143
2015-02-14,38204.142857142855,37251.743489104294,37303.71428571428,7260.60184516
2015-02-21,41168.857142857145,40638.604320115715,40280.28571428572,7144.391220152857
2015-02-28,42846.142857142855,39369.83828539715,33518.28571428572,7240.94883915143
2015-03-07,44790.71428571428,38599.30350595,36997.28571428572,7128.759601101429
2015-03-14,48828.71428571428,38187.66911904572,44771.42857142857,6360.713976095714
2015-03-21,54129.57142857143,37153.06003571143,49244.857142857145,6811.438083241427
2015-03-28,58132.0,36828.92550594858,44331.0,7011.254922530001
2015-04-04,61581.857142857145,35916.143065944285,40064.28571428572,7227.146142440001
2015-04-11,63877.71428571428,36750.83586029428,34918.857142857145,7079.917938697143
2015-04-18,65383.71428571428,35785.45663095,33165.71428571428,7341.268666551428
2015-04-25,67774.42857142857,33572.67144642429,32635.285714285714,7003.133868945714
2015-05-02,69294.14285714286,33573.06002380714,29970.285714285714,7341.44122013
2015-05-09,71071.57142857143,33205.81014285285,32537.428571428572,7476.480737977144
2015-05-16,72536.0,33231.29026190143,29902.85714285714,7635.979428461427
2015-05-23,72828.57142857143,34322.700863092854,26283.571428571428,7356.5736189214285
2015-05-30,73486.71428571429,32257.86771965286,26791.285714285714,6831.100844545714
2015-06-01,73755.0,31933.17413632,26374.714285714286,7067.151719544286
2015-06-06,74188.42857142857,33231.16367261571,24778.14285714286,7363.201839171429
2015-06-13,73975.0,33232.63759523571,22103.571428571428,7384.400077271429
2015-06-20,73727.42857142857,31770.627982140002,20775.571428571428,7563.544327265714
2015-06-27,73485.42857142857,31955.95373809143,19587.85714285714,7604.768857032858
2015-07-04,73805.28571428571,31963.14806547286,28218.85714285714,7493.455309414286
2015-07-11,74937.42857142857,33161.91023213857,30330.14285714286,6251.695880858571
2015-07-18,75920.85714285714,32927.85438690143,27147.428571428572,5964.725339185715
2015-07-25,76191.28571428571,33121.76491071,22363.85714285714,6241.982785612857
2015-08-01,75740.57142857143,33764.880369042854,18912.0,6293.59205940143
2015-08-08,74518.85714285714,33849.90357737857,16079.285714285714,6245.589607031428
2015-08-15,72953.42857142857,34439.744077531424,14666.285714285714,6573.3235952800005
2015-08-22,71037.0,34266.04639880571,14132.57142857143,7181.6159820428575
2015-08-29,69330.71428571429,34489.267702378565,14363.57142857143,7353.5416308514295
2015-09-05,67934.85714285714,33163.32771428,17786.85714285714,7153.487982042859
2015-09-12,69037.57142857143,35003.610023807145,29711.571428571428,7209.872011797142
2015-09-19,67837.0,37624.228047617136,20958.714285714286,7223.8183391785715
2015-09-26,65864.71428571429,36540.919714282856,17655.14285714286,7332.083868942857
2015-10-03,63941.42857142857,36235.35691666285,19564.714285714286,7399.81265465
2015-10-10,61766.142857142855,36656.194452378564,21774.85714285714,7220.415803461428
2015-10-17,59359.42857142857,37645.20766925143,17673.428571428572,7149.770206660001
2015-10-24,57211.71428571428,35882.89589880571,17150.714285714286,7055.557023695715
2015-10-31,56156.0,35516.23842856857,21702.0,6408.8178987
2015-11-07,56004.857142857145,37103.92740475714,25880.0,6757.906601090001
2015-11-14,55140.57142857143,37066.12987499715,24161.285714285714,6814.632428467143
2015-11-21,55669.42857142857,36118.89272023428,27910.85714285714,6733.660880852856
2015-11-28,56223.28571428572,36201.01349404429,32650.14285714286,7139.782202281428
2015-12-05,57448.57142857143,36502.93122023429,34361.0,6598.72443441857
2015-12-12,58408.71428571428,38240.97705952143,32499.0,6330.38916657
2015-12-19,59016.857142857145,36019.004130948575,30362.0,6048.814553482857
2015-12-26,60117.142857142855,34442.682164678576,32149.85714285714,4821.748851118572
2016-01-02,62248.28571428572,36265.28621284429,38934.57142857143,5581.379815398572
2016-01-09,65756.71428571429,38242.217176392856,50267.42857142857,6006.251892790001
2016-01-16,76923.28571428571,35315.05839384285,81029.85714285714,5000.451601121428
2016-01-23,85896.57142857143,37654.96776066143,76273.57142857143,4995.150773738571
2016-01-30,91608.71428571429,39941.29675163572,63367.28571428572,4548.213107078571
2016-02-06,95249.14285714286,37879.491245818564,49384.71428571428,4905.4788511285715
2016-02-13,98492.28571428571,40016.13750369571,48176.857142857145,4971.056785638572
2016-02-20,101842.57142857143,39746.542036384286,45904.28571428572,4695.500779690001
2016-02-27,104038.85714285714,38510.26266601429,48753.71428571428,3679.957839224286
2016-03-05,108086.0,39000.721433158564,51189.142857142855,3695.240654698571
2016-03-12,113010.14285714286,37926.00540910572,55508.0,2974.3671547014287
2016-03-19,115314.85714285714,38022.56668544428,46200.0,3370.3936427985714
2016-03-26,117853.57142857143,38792.27283975285,45813.42857142857,3344.1642677842856
2016-04-02,119270.14285714286,39264.02741727,40022.857142857145,3699.927232067143
2016-04-09,119079.28571428571,39515.417072637145,32893.0,3984.3769846299992
2016-04-16,118161.28571428571,38347.90520287143,28564.285714285714,3676.67440193
2016-04-23,117369.28571428571,36596.13299179858,28059.14285714286,3761.132053485714
2016-04-30,117234.0,33404.58032884571,28966.714285714286,4136.668773714286
2016-05-07,116327.14285714286,35286.78054761571,30183.0,3500.0637975414284
2016-05-14,115226.14285714286,34304.370184520005,29815.428571428572,3647.760535640001
2016-05-21,115645.85714285714,33230.01889880571,31694.285714285714,3815.161827297143
2016-05-28,115631.28571428571,34493.33985713857,31147.714285714286,3239.0234463557144
2016-06-04,115702.42857142857,34313.22548213857,29429.428571428572,4763.877023720001
2016-06-11,115878.0,32143.26667261572,33971.0,3411.102589202857
2016-06-18,115374.0,32751.93532737571,31953.571428571428,3145.6831725442858
2016-06-25,114457.28571428571,32545.184988091427,27040.571428571428,3746.815720158571
2016-07-02,113202.71428571429,33171.69551785285,23866.85714285714,3208.970255877143
2016-07-09,110995.28571428571,33784.548744042855,21928.14285714286,3350.5883808699996
2016-07-16,108636.71428571429,33010.56264880714,22727.428571428572,3373.16266064
2016-07-23,106404.42857142857,33557.71907737858,20126.714285714286,3193.8892796814284
2016-07-30,103953.85714285714,33535.14735773857,18387.428571428572,4407.128243961429
2016-08-06,101134.71428571429,34133.90023214,17833.571428571428,4719.901660634286
2016-08-13,98050.85714285714,34592.39319047286,18492.85714285714,4673.276964195714
2016-08-20,95601.71428571429,33772.406559518575,23931.714285714286,3779.282464202857
2016-08-27,93852.0,34818.154309519996,22012.14285714286,4004.2775594471423
2016-09-01,92433.14285714286,33866.295696424284,20886.285714285714,4751.172654674286
2016-09-03,91936.85714285714,33669.89548213857,20900.14285714286,5334.031868949999
2016-09-10,89653.28571428571,35663.99482142429,18850.85714285714,5910.6200475185715
2016-09-17,86450.0,35143.86019047286,16167.142857142857,5087.237249917142
2016-09-24,83250.85714285714,34275.18464285429,14988.142857142857,4539.1308808700005
2016-10-01,80023.0,33285.51841666429,15097.142857142857,4723.927243957142
2016-10-08,77260.0,33929.38422023428,17115.85714285714,5000.99677967
2016-10-15,74328.28571428571,38131.757955999994,20492.285714285714,5097.1638386528575
2016-10-22,71918.42857142857,36571.99176190142,22004.571428571428,4864.167523720001
2016-10-29,70481.57142857143,34301.529101187145,23156.285714285714,5261.456422524286
2016-11-01,69786.71428571429,34530.81304761714,21936.14285714286,5158.526809429999
2016-11-05,68766.28571428571,35752.20181547285,21288.285714285714,5507.99973204
2016-11-12,68396.42857142857,33262.829607137144,27202.285714285714,5995.973071338572
2016-11-19,69213.85714285714,33809.64958332999,31369.14285714286,4985.021779675714
2016-11-26,68260.85714285714,35654.726428568574,29213.714285714286,4822.346113005714
2016-12-03,67259.14285714286,35893.85264285428,30581.714285714286,3314.669488014286
2016-12-10,67098.85714285714,35900.093136899995,37486.42857142857,3723.556071355714
2016-12-17,69113.57142857143,35131.98815475857,40621.142857142855,2903.7654761228578
2016-12-24,69155.42857142857,36453.268928569996,35020.28571428572,3247.9455773299997
2016-12-31,67846.71428571429,38143.38362499571,31990.14285714286,3622.1860297142857
2017-01-07,66813.57142857143,40404.47385714,34577.42857142857,2897.39096424
2017-01-14,68533.14285714286,38472.59243089143,42961.142857142855,2793.2891391857142
2017-01-21,72727.42857142857,38465.505279758574,52745.57142857143,3087.3884344785715
2017-01-28,75941.28571428571,39579.36643452,53574.42857142857,2724.1915475728574
2017-02-04,78732.85714285714,39536.10522023571,52252.28571428572,2310.5862559057146
2017-02-11,81411.0,40799.101107140006,51413.0,2405.377892805714
2017-02-18,81834.71428571429,42088.43251190286,41208.42857142857,3693.8985237471434
2017-02-25,82004.14285714286,37953.97697618858,37981.857142857145,4710.787678508571
2017-03-04,83629.42857142857,40866.24026785429,42862.142857142855,4263.675440407143
2017-03-11,84113.42857142857,41063.182755948576,39482.0,4472.351702310001
2017-03-18,84041.14285714286,37517.40092856715,39178.0,4768.747345164285
2017-03-25,84354.71428571429,37505.207958328574,38310.71428571428,4292.562505877143
2017-04-01,84355.42857142857,37290.23679761571,36190.857142857145,5652.3948927685715
2017-04-08,84401.71428571429,36867.14784523571,35449.57142857143,5719.267452285714
2017-04-15,84408.57142857143,35395.46297618714,34460.142857142855,5626.699755858572
2017-04-22,84460.57142857143,35290.32799999715,33875.28571428572,5775.407065385714
2017-04-29,85093.28571428571,33069.436488089996,34021.57142857143,6126.956255858573
2017-05-06,85168.71428571429,34546.31594047286,31787.714285714286,6279.005059415714
2017-05-13,84618.14285714286,34775.801648211425,29552.714285714286,6159.655820731428
2017-05-20,86376.14285714286,34701.31699404428,42342.0,4884.956666587143
2017-05-27,87985.14285714286,33954.08085714142,37990.42857142857,4504.228112997143
2017-06-03,87823.28571428571,35100.47394642713,29290.285714285714,3425.6436427714293
2017-06-10,87438.42857142857,33290.69108928285,30413.428571428572,3435.9841665957147
2017-06-17,87026.28571428571,33486.33482142571,28541.14285714286,3935.5232677742856
2017-06-24,86276.42857142857,33209.51320237857,24884.428571428572,4177.145535628571
2017-07-01,85118.14285714286,32500.019738091425,22593.571428571428,5450.174868952857
2017-07-08,83687.28571428571,32782.491738091434,20727.428571428572,5834.9622915671425
2017-07-15,82097.57142857143,32652.453011900005,18947.0,5808.281243957143
2017-07-22,79714.57142857143,33002.79763094857,17585.14285714286,5624.611434427143
2017-07-29,77080.57142857143,32893.47513690286,16436.571428571428,7034.146297511428
2017-08-05,74227.14285714286,33514.81649404428,15497.857142857143,6943.079422518572
2017-08-12,71376.0,34039.515809521436,15708.857142857143,6946.3741963157145
2017-08-19,69265.57142857143,33560.100904758576,19069.428571428572,7010.662077275714
2017-08-26,67101.14285714286,34071.49717261429,17243.714285714286,7297.799851075715
2017-09-02,63962.28571428572,33511.46267856714,13856.0,7547.475220121428
2017-09-09,60508.42857142857,36037.86963511714,12275.57142857143,7495.664980245715
2017-09-16,56376.142857142855,36639.164458924286,11663.0,7548.572452859999
2017-09-23,51915.42857142857,36252.257208330004,11070.285714285714,7364.327267745714
2017-09-30,47630.71428571428,35257.79898213857,13863.142857142857,7116.3884403514285
2017-10-07,44233.28571428572,36982.248279759995,16172.42857142857,7346.8933451257135
2017-10-14,40902.42857142857,37459.67450698429,13417.714285714286,7463.7300151399995
2017-10-21,37682.0,36726.10018452,13310.714285714286,7016.045737968571
2017-10-28,36003.57142857143,35231.038261898575,25771.714285714286,6920.6654760857145
2017-11-04,36401.42857142857,35733.660410711425,31173.0,6627.314886782857
2017-11-11,36664.0,35773.30320237857,28975.85714285714,6981.297886794287
2017-11-18,36621.857142857145,35785.73924404286,28944.714285714286,6768.140684417143
2017-11-25,37748.0,36621.61079761714,36435.28571428572,4705.918821332857
2017-12-02,39701.0,36536.85075594857,44281.28571428572,4410.054273724286
2017-12-09,40964.57142857143,37303.42033333143,45756.42857142857,5088.2437142
2017-12-16,41985.42857142857,38392.05610326999,40790.57142857143,5454.520499904285
2017-12-23,43588.857142857145,35874.703017854285,42869.857142857145,5270.08335706
2017-12-30,47393.857142857145,35315.06515476001,52347.57142857143,3456.9675237500005
2018-01-06,54233.142857142855,37228.58968452144,65011.28571428572,3379.3250058928575
2018-01-13,59774.857142857145,40034.82309523285,59384.42857142857,3205.3095297057143
2018-01-20,61477.28571428572,41921.83280356858,50536.0,2706.2249582828567
2018-01-27,63199.71428571428,39052.162916662855,48004.28571428572,2615.6934642428573
2018-02-03,66916.0,38253.297482141425,55859.857142857145,2677.4051666071427
2018-02-10,70005.85714285714,37777.301922614286,50325.857142857145,4087.531940424285
2018-02-17,71881.42857142857,39529.58525595,48305.71428571428,3785.5379582700007
2018-02-24,74651.85714285714,39243.86952975999,51881.71428571428,3427.152898745714
2018-03-03,77390.85714285714,40467.079142854294,53645.142857142855,3434.2086189942856
2018-03-10,80131.14285714286,40773.49663094857,55739.142857142855,3757.154493977142
2018-03-17,82149.85714285714,40437.15958928143,50671.142857142855,4235.395029691429
2018-03-24,84637.28571428571,38604.614041662855,49813.71428571428,4258.3710594442855
2018-03-31,86729.42857142857,38392.76494642572,48311.0,2181.4014939785716
2018-04-07,88556.85714285714,37655.18314880571,45544.0,3393.06026183
2018-04-14,89949.71428571429,35512.51178571143,40579.0,4088.5397856285717
2018-04-21,90273.71428571429,36020.68098809143,35053.28571428572,3499.995666592857
2018-04-28,89371.42857142857,35612.78210118857,30691.428571428572,4158.803077305715
2018-05-05,88429.42857142857,35921.05483928428,29011.285714285714,4496.511607060001
2018-05-12,87392.28571428571,35784.478142854285,27896.0,4285.040958241429
2018-05-19,87017.14285714286,32850.27232142429,28270.714285714286,4337.645208242857
2018-05-26,86780.85714285714,30383.54321428143,25131.428571428572,4247.195452298571
2018-06-02,85872.14285714286,33021.37299404286,25433.0,5278.146803487144
2018-06-09,84915.28571428571,34655.930470234285,24712.714285714286,5351.404095142857
2018-06-16,83744.14285714286,33687.01280356858,23616.85714285714,5537.239946342857
2018-06-23,82115.71428571429,34552.39150594857,21299.85714285714,5534.098928472858
2018-06-30,79934.71428571429,34197.081321425714,19925.14285714286,5879.276708245715
2018-07-07,77665.57142857143,33199.553202377145,18277.428571428572,5898.636428478571
2018-07-14,75221.42857142857,34223.697071424285,16925.85714285714,5784.073827295715
2018-07-21,72623.85714285714,34092.492017855715,15765.857142857143,5111.798464194285
2018-07-28,69789.42857142857,34513.52892261571,15485.857142857143,4955.47616657
2018-08-04,67594.85714285714,34440.56072618714,17873.0,4742.932345152857
2018-08-11,65064.0,33921.73408332857,17813.85714285714,4881.196333258571
2018-08-18,61848.28571428572,34709.955160711426,15957.57142857143,4871.339583248571
2018-08-25,58394.142857142855,34473.29121428286,15515.714285714286,5199.5612379985705
2018-09-01,55492.57142857143,34096.712636899996,14917.714285714286,6053.1083213328575
2018-09-08,52935.57142857143,34944.85077975857,13432.285714285714,6365.643928462858
2018-09-15,50622.28571428572,35798.851839282856,15567.285714285714,6056.578327281429
2018-09-22,48605.57142857143,37643.169874995714,19262.428571428572,6165.886130852857
2018-09-29,45736.57142857143,37617.436690474286,17992.85714285714,5210.500708245714
2018-10-06,43646.0,36213.76694642858,21066.85714285714,5137.605208241429
2018-10-13,42780.28571428572,37344.80965475857,26243.14285714286,4654.3910534828565
2018-10-20,42084.857142857145,36214.69717261572,29345.571428571428,4111.317291578572
2018-10-27,41332.42857142857,35958.59298809143,31702.85714285714,3353.9796308742857
2018-11-03,40694.857142857145,35895.739709624286,30982.285714285714,3073.2068588600005
2018-11-10,41671.0,37280.01308928143,37637.57142857143,2581.6665772985716
2018-11-17,43068.57142857143,36135.83310713857,39026.857142857145,2427.7980296914284
2018-11-24,47235.857142857145,37604.98432142572,51538.142857142855,2423.8848451614285
2018-12-01,51170.142857142855,37858.60254761429,54795.42857142857,2508.6927380328566
2018-12-08,53721.71428571428,38566.04127380714,47377.57142857143,2564.2540416014285
2018-12-15,53389.142857142855,42306.39845833143,37126.857142857145,2247.9569285228567
2018-12-22,53795.28571428572,35736.03872023428,34614.28571428572,2504.344535674286
2018-12-29,56124.142857142855,36142.67303571143,42686.57142857143,2758.9019761471427
2019-01-05,57952.28571428572,41405.64267856857,44873.0,2117.3915832914286
2019-01-12,57630.142857142855,43085.86910713714,37619.28571428572,2847.0551904257145
2019-01-19,55953.857142857145,43926.95923213857,31702.14285714286,2790.8343511342855
2019-01-26,54920.0,43231.49928571,31646.85714285714,3829.215279694286
2019-02-02,53632.42857142857,41038.12760118571,32518.714285714286,4581.503059465715
2019-02-09,53560.71428571428,40693.53075595001,36795.57142857143,4977.791904704286
2019-02-16,55624.42857142857,39387.31437499715,45698.142857142855,5396.1936011214275
2019-02-23,58850.28571428572,40650.337452378575,51337.28571428572,4203.974178495714
2019-03-02,64199.42857142857,37687.90425594857,58662.857142857145,4218.879422551429
2019-03-09,69712.85714285714,40927.51127976,61302.42857142857,3529.7813808928577
2019-03-16,74521.14285714286,39571.525142854276,59688.57142857143,2668.1154404228573
2019-03-23,79162.28571428571,38564.40652975714,55948.857142857145,3329.4746546871424
2019-03-30,81380.71428571429,38862.371857139995,46512.142857142855,3454.6141904028577
2019-04-06,83150.71428571429,38262.785440472864,46061.0,2972.190654685714
2019-04-13,87031.14285714286,36756.52262499857,51342.57142857143,3071.353678491428
2019-04-20,90320.28571428571,37353.58203571143,48161.0,3221.748660638571
2019-04-27,91753.14285714286,36607.34795237857,41254.42857142857,3321.0988630071433
2019-05-04,92947.28571428571,36955.08219642571,38141.71428571428,3385.7453927771426
2019-05-11,93822.85714285714,36084.81060118714,37215.57142857143,3125.9003451585713
2019-05-18,95044.28571428571,34595.20852975857,35403.0,3178.016779681428
2019-05-25,95690.71428571429,35221.25878571,34019.71428571428,3527.5140475371436
2019-06-01,96638.57142857143,34462.78571428286,34045.0,2788.1137499285715
2019-06-08,97457.42857142857,34295.021363092856,31334.0,2939.811488011429
2019-06-15,97226.14285714286,34007.46796428143,27419.428571428572,3572.246803494286
2019-06-22,96716.57142857143,34750.75605952143,24845.571428571428,3751.520499907143
2019-06-29,95733.57142857143,35246.01926190285,23022.85714285714,3606.14538087
2019-07-06,95433.71428571429,31881.35264880714,24271.714285714286,4144.700946345714
2019-07-13,94435.42857142857,33234.34451785429,22320.85714285714,4202.12469635
2019-07-20,93162.85714285714,33632.301511900005,19382.14285714286,4358.376446347143
2019-07-27,91541.71428571429,34160.826803568576,17899.714285714286,5241.113023714286
2019-08-03,89788.71428571429,33457.87086904571,17481.85714285714,5473.663892765714
2019-08-10,87557.28571428571,34456.696517852855,16841.714285714286,5518.172904664285
2019-08-17,84679.85714285714,34205.23276190286,15484.57142857143,6001.54897610143
2019-08-24,81869.14285714286,34069.63259523571,14551.57142857143,5814.038934427142
2019-08-31,78609.90099999998,35486.87509523286,14532.577857142856,5050.345779667143
2019-09-07,75236.92614285715,37393.010749998575,14083.74057142857,5730.478470141429
2019-09-14,70722.48857142858,39195.18485713857,12443.742714285714,5796.101309425714
2019-09-21,66063.40271428572,35975.711351187136,11621.728428571427,5369.882601098571
2019-09-28,62300.275571428574,36363.64453571143,13013.170857142857,5568.286857047143
2019-10-05,58537.299857142854,36637.84169047286,12819.343285714287,6096.797922525714
2019-10-12,54569.14014285715,38463.93436904286,13763.033857142857,5949.02902371
2019-10-26,46331.49985714286,39326.54046428143,13555.589285714286,5871.707196331428
2019-11-02,43470.09285714286,38921.59278571,14210.829428571431,5683.427547525715
2019-11-09,41282.422000000006,36996.55183928286,16351.137714285713,5732.096410612858
2019-11-16,40219.47871428572,35706.88061904571,21454.120571428568,6067.416249898571
2019-11-23,39011.839428571424,36526.73927976286,22979.638142857144,5228.881077321429
2019-11-30,38268.06642857143,36820.05343452571,30409.46728571429,4242.417297554286
2019-12-07,38335.01571428571,37164.115910712855,36837.80357142857,3858.4801844728568
2019-12-14,39618.659857142855,38734.664249999994,42592.87285714286,3887.3702499399997
2019-12-21,40407.881,34995.86272023714,42005.03471428571,3489.3267737614283
2019-12-28,40839.40671428572,35537.25617262,37810.099714285716,4549.261916622857
